Fecha,Contagios,Muertos,Recuperados_tot,Tests,Recuperados,Tests_diario,Activos,Contagios_tot,Muertos_tot,Activos_tot,Contagios_MA,Recuperados_MA,Muertos_MA,Tests_diario_MA,cont_test
2020-03-05,1,0,,,,,,1,0,,,,,,
2020-03-06,1,0,,,,,,2,0,,,,,,
2020-03-07,7,0,,,,,,9,0,,,,,,
2020-03-08,3,0,,,,,,12,0,,,,,,
2020-03-09,5,1,,,,,,17,1,,,,,,
2020-03-10,2,0,,,,,,19,1,,,,,,
2020-03-11,2,0,,,,,,21,1,,3.0,,0.14285714285714285,,
2020-03-12,10,0,,,,,,31,1,,4.285714285714286,,0.14285714285714285,,
2020-03-13,3,0,,,,,,34,1,,4.571428571428571,,0.14285714285714285,,
2020-03-14,11,1,,,,,,45,2,,5.142857142857143,,0.2857142857142857,,
2020-03-15,11,0,,,,,,56,2,,6.285714285714286,,0.2857142857142857,,
2020-03-16,9,0,,,,,,65,2,,6.857142857142857,,0.14285714285714285,,
2020-03-17,13,0,,,,,,78,2,,8.428571428571429,,0.14285714285714285,,
2020-03-18,19,0,,,,,,97,2,,10.857142857142858,,0.14285714285714285,,
2020-03-19,31,1,,,,,,128,3,,13.857142857142858,,0.2857142857142857,,
2020-03-20,30,0,18.0,,,,,158,3,137.0,17.714285714285715,,0.2857142857142857,,
2020-03-21,67,1,23.0,,5.0,,61.0,225,4,198.0,25.714285714285715,,0.2857142857142857,,
2020-03-22,40,0,27.0,,4.0,,36.0,265,4,234.0,29.857142857142858,,0.2857142857142857,,
2020-03-23,36,0,32.0,2695.0,5.0,,31.0,301,4,265.0,33.714285714285715,,0.2857142857142857,,
2020-03-24,84,2,52.0,,20.0,,62.0,385,6,327.0,43.857142857142854,,0.5714285714285714,,
2020-03-25,117,2,63.0,3188.0,11.0,,104.0,502,8,431.0,57.857142857142854,,0.8571428571428571,,
2020-03-26,87,4,72.0,3516.0,9.0,328.0,74.0,589,12,505.0,65.85714285714286,,1.2857142857142858,,26.52439024390244
2020-03-27,101,5,76.0,4128.0,4.0,612.0,92.0,690,17,597.0,76.0,8.285714285714286,2.0,,16.503267973856207
2020-03-28,55,2,78.0,,2.0,,51.0,745,19,648.0,74.28571428571429,7.857142857142857,2.142857142857143,,
2020-03-29,75,2,91.0,,13.0,,60.0,820,21,708.0,79.28571428571429,9.142857142857142,2.4285714285714284,,
2020-03-30,146,4,228.0,,137.0,,5.0,966,25,713.0,95.0,28.0,3.0,,
2020-03-31,88,3,240.0,4754.0,12.0,,73.0,1054,28,786.0,95.57142857142857,26.857142857142858,3.142857142857143,,
2020-04-01,79,5,248.0,5651.0,8.0,897.0,66.0,1133,33,852.0,90.14285714285714,26.428571428571427,3.5714285714285716,,8.807134894091416
2020-04-02,132,5,256.0,6277.0,8.0,626.0,119.0,1265,38,971.0,96.57142857142857,26.285714285714285,3.7142857142857144,,21.08626198083067
2020-04-03,88,5,266.0,7385.0,10.0,1108.0,73.0,1353,43,1044.0,94.71428571428571,27.142857142857142,3.7142857142857144,,7.9422382671480145
2020-04-04,98,2,279.0,8488.0,13.0,1103.0,83.0,1451,45,1127.0,100.85714285714286,28.714285714285715,3.7142857142857144,,8.884859474161379
2020-04-05,103,4,280.0,9339.0,1.0,851.0,98.0,1554,49,1225.0,104.85714285714286,27.0,4.0,,12.103407755581669
2020-04-06,74,5,325.0,10062.0,45.0,723.0,24.0,1628,54,1249.0,94.57142857142857,13.857142857142858,4.142857142857143,,10.235131396957122
2020-04-07,87,6,338.0,10793.0,13.0,731.0,68.0,1715,60,1317.0,94.42857142857143,14.0,4.571428571428571,862.7142857142857,11.901504787961697
2020-04-08,80,5,358.0,13330.0,20.0,2537.0,55.0,1795,65,1372.0,94.57142857142857,15.714285714285714,4.571428571428571,1097.0,3.1533307055577455
2020-04-09,99,14,365.0,14850.0,7.0,1520.0,78.0,1894,79,1450.0,89.85714285714286,15.571428571428571,5.857142857142857,1224.7142857142858,6.513157894736842
2020-04-10,81,3,375.0,16379.0,10.0,1529.0,68.0,1975,82,1518.0,88.85714285714286,15.571428571428571,5.571428571428571,1284.857142857143,5.297580117724002
2020-04-11,167,7,440.0,18027.0,65.0,1648.0,95.0,2142,89,1613.0,98.71428571428571,23.0,6.285714285714286,1362.7142857142858,10.133495145631068
2020-04-12,66,6,468.0,19758.0,28.0,1731.0,32.0,2208,95,1645.0,93.42857142857143,26.857142857142858,6.571428571428571,1488.4285714285713,3.8128249566724435
2020-04-13,69,6,515.0,21193.0,47.0,1435.0,16.0,2277,101,1661.0,92.71428571428571,27.142857142857142,6.714285714285714,1590.142857142857,4.808362369337979
2020-04-14,166,4,559.0,22805.0,44.0,1612.0,118.0,2443,105,1779.0,104.0,31.571428571428573,6.428571428571429,1716.0,10.297766749379653
2020-04-15,128,7,596.0,24374.0,37.0,1569.0,84.0,2571,112,1863.0,110.85714285714286,34.0,6.714285714285714,1577.7142857142858,8.158062460165711
2020-04-16,98,10,631.0,26457.0,35.0,2083.0,53.0,2669,122,1916.0,110.71428571428571,38.0,6.142857142857143,1658.142857142857,4.704752760441671
2020-04-17,89,7,666.0,28650.0,35.0,2193.0,47.0,2758,129,1963.0,111.85714285714286,41.57142857142857,6.714285714285714,1753.0,4.0583675330597355
2020-04-18,81,3,685.0,30942.0,19.0,2292.0,59.0,2839,132,2022.0,99.57142857142857,35.0,6.142857142857143,1845.0,3.5340314136125657
2020-04-19,102,2,709.0,32712.0,24.0,1770.0,76.0,2941,134,2098.0,104.71428571428571,34.42857142857143,5.571428571428571,1850.5714285714287,5.762711864406779
2020-04-20,91,8,737.0,34568.0,28.0,1856.0,55.0,3032,142,2153.0,107.85714285714286,31.714285714285715,5.857142857142857,1910.7142857142858,4.9030172413793105
2020-04-21,112,9,840.0,36611.0,103.0,2043.0,0.0,3144,151,2153.0,100.14285714285714,40.142857142857146,6.571428571428571,1972.2857142857142,5.48213411649535
2020-04-22,144,8,872.0,39228.0,32.0,2617.0,104.0,3288,159,2257.0,102.42857142857143,39.42857142857143,6.714285714285714,2122.0,5.50248376003057
2020-04-23,147,6,919.0,41786.0,47.0,2558.0,94.0,3435,165,2351.0,109.42857142857143,41.142857142857146,6.142857142857143,2189.8571428571427,5.746677091477717
2020-04-24,172,11,976.0,44654.0,57.0,2868.0,104.0,3607,176,2455.0,121.28571428571429,44.285714285714285,6.714285714285714,2286.285714285714,5.997210599721059
2020-04-25,173,9,1030.0,47406.0,54.0,2752.0,110.0,3780,185,2565.0,134.42857142857142,49.285714285714285,7.571428571428571,2352.0,6.286337209302325
2020-04-26,112,7,1107.0,49905.0,77.0,2499.0,28.0,3892,192,2593.0,135.85714285714286,56.857142857142854,8.285714285714286,2456.1428571428573,4.481792717086835
2020-04-27,111,5,1140.0,51900.0,33.0,1995.0,73.0,4003,197,2666.0,138.71428571428572,57.57142857142857,7.857142857142857,2476.0,5.56390977443609
2020-04-28,124,10,1162.0,53600.0,22.0,1700.0,92.0,4127,207,2758.0,140.42857142857142,46.0,8.0,2427.0,7.294117647058823
2020-04-29,158,7,1192.0,56058.0,30.0,2458.0,121.0,4285,214,2879.0,142.42857142857142,45.714285714285715,7.857142857142857,2404.285714285714,6.427990235964199
2020-04-30,142,4,1256.0,58685.0,64.0,2627.0,74.0,4427,218,2953.0,141.71428571428572,48.142857142857146,7.571428571428571,2414.1428571428573,5.405405405405405
2020-05-01,104,11,1292.0,61530.0,36.0,2845.0,57.0,4531,229,3010.0,132.0,45.142857142857146,7.571428571428571,2410.8571428571427,3.6555360281195077
2020-05-02,149,8,1320.0,63866.0,28.0,2336.0,113.0,4680,237,3123.0,128.57142857142858,41.42857142857143,7.428571428571429,2351.4285714285716,6.378424657534247
2020-05-03,102,9,1354.0,65813.0,34.0,1947.0,59.0,4782,246,3182.0,127.14285714285714,35.285714285714285,7.714285714285714,2272.5714285714284,5.238828967642527
2020-05-04,104,14,1442.0,67920.0,88.0,2107.0,2.0,4886,260,3184.0,126.14285714285714,43.142857142857146,9.0,2288.5714285714284,4.935927859515899
2020-05-05,134,4,1472.0,69718.0,30.0,1798.0,100.0,5020,264,3284.0,127.57142857142857,44.285714285714285,8.142857142857142,2302.5714285714284,7.452725250278086
2020-05-06,188,9,1524.0,72315.0,52.0,2597.0,127.0,5208,273,3411.0,131.85714285714286,47.42857142857143,8.428571428571429,2322.4285714285716,7.239122063919908
2020-05-07,163,9,1601.0,75198.0,77.0,2883.0,77.0,5371,282,3488.0,134.85714285714286,49.285714285714285,9.142857142857142,2359.0,5.65383281304197
2020-05-08,240,11,1659.0,77901.0,58.0,2703.0,171.0,5611,293,3659.0,154.28571428571428,52.42857142857143,9.142857142857142,2338.714285714286,8.879023307436182
2020-05-09,165,7,1728.0,80729.0,69.0,2828.0,89.0,5776,300,3748.0,156.57142857142858,58.285714285714285,9.0,2409.0,5.834512022630835
2020-05-10,258,5,1757.0,83018.0,29.0,2289.0,224.0,6034,305,3972.0,178.85714285714286,57.57142857142857,8.428571428571429,2457.8571428571427,11.271297509829619
2020-05-11,244,9,1837.0,85158.0,80.0,2140.0,155.0,6278,314,4127.0,198.85714285714286,56.42857142857143,7.714285714285714,2462.5714285714284,11.401869158878505
2020-05-12,285,5,1862.0,87457.0,25.0,2299.0,255.0,6563,319,4382.0,220.42857142857142,55.714285714285715,7.857142857142857,2534.1428571428573,12.396694214876034
2020-05-13,315,10,2266.0,90474.0,404.0,3017.0,-99.0,6878,329,4283.0,238.57142857142858,106.0,8.0,2594.1428571428573,10.440835266821345
2020-05-14,255,24,2385.0,93673.0,119.0,3199.0,112.0,7133,353,4395.0,251.71428571428572,112.0,10.142857142857142,2639.285714285714,7.971241012816504
2020-05-15,345,3,2497.0,96893.0,112.0,3220.0,230.0,7478,356,4625.0,266.7142857142857,119.71428571428571,9.0,2713.1428571428573,10.714285714285714
2020-05-16,327,7,2534.0,100362.0,37.0,3469.0,283.0,7805,363,4908.0,289.85714285714283,115.14285714285714,9.0,2804.714285714286,9.426347650619775
2020-05-17,263,10,2569.0,103220.0,35.0,2858.0,218.0,8068,373,5126.0,290.57142857142856,116.0,9.714285714285714,2886.0,9.20223932820154
2020-05-18,303,9,2625.0,105829.0,56.0,2609.0,238.0,8371,382,5364.0,299.0,112.57142857142857,9.714285714285714,2953.0,11.61364507474128
2020-05-19,438,11,2872.0,108634.0,247.0,2805.0,180.0,8809,393,5544.0,320.85714285714283,144.28571428571428,10.571428571428571,3025.285714285714,15.614973262032086
2020-05-20,474,10,2933.0,112370.0,61.0,3736.0,403.0,9283,403,5947.0,343.57142857142856,95.28571428571429,10.571428571428571,3128.0,12.687366167023553
2020-05-21,648,13,3032.0,116689.0,99.0,4319.0,536.0,9931,416,6483.0,399.7142857142857,92.42857142857143,9.0,3288.0,15.003473026163464
2020-05-22,718,17,3062.0,121278.0,30.0,4589.0,671.0,10649,433,7154.0,453.0,80.71428571428571,11.0,3483.5714285714284,15.646110263674004
2020-05-23,704,12,3530.0,125893.0,468.0,4615.0,224.0,11353,445,7378.0,506.85714285714283,142.28571428571428,11.714285714285714,3647.285714285714,15.254604550379197
2020-05-24,723,7,3732.0,129418.0,202.0,3525.0,514.0,12076,452,7892.0,572.5714285714286,166.14285714285714,11.285714285714286,3742.5714285714284,20.51063829787234
2020-05-25,552,15,3999.0,133468.0,267.0,4050.0,270.0,12628,467,8162.0,608.1428571428571,196.28571428571428,12.142857142857142,3948.4285714285716,13.62962962962963
2020-05-26,599,23,4167.0,136662.0,168.0,3194.0,408.0,13227,490,8570.0,631.1428571428571,185.0,13.857142857142858,4004.0,18.753913587977458
2020-05-27,706,10,4349.0,140218.0,182.0,3556.0,514.0,13933,500,9084.0,664.2857142857143,202.28571428571428,13.857142857142858,3978.285714285714,19.853768278965127
2020-05-28,769,8,4617.0,145081.0,268.0,4863.0,493.0,14702,508,9577.0,681.5714285714286,226.42857142857142,13.142857142857142,4056.0,15.813283981081636
2020-05-29,717,12,4788.0,150486.0,171.0,5405.0,534.0,15419,520,10111.0,681.4285714285714,246.57142857142858,12.428571428571429,4172.571428571428,13.265494912118408
2020-05-30,795,8,5062.0,155407.0,274.0,4921.0,513.0,16214,528,10624.0,694.4285714285714,218.85714285714286,11.857142857142858,4216.285714285715,16.15525299735826
2020-05-31,637,11,5336.0,160070.0,274.0,4663.0,352.0,16851,539,10976.0,682.1428571428571,229.14285714285714,12.428571428571429,4378.857142857143,13.660733433411968
2020-06-01,564,17,5521.0,164084.0,185.0,4014.0,362.0,17415,556,11338.0,683.8571428571429,217.42857142857142,12.714285714285714,4373.714285714285,14.050822122571002
2020-06-02,904,13,5709.0,167799.0,188.0,3715.0,703.0,18319,569,12041.0,727.4285714285714,220.28571428571428,11.285714285714286,4448.142857142857,24.33378196500673
2020-06-03,949,14,5896.0,172947.0,187.0,5148.0,748.0,19268,583,12789.0,762.1428571428571,221.0,11.857142857142858,4675.571428571428,18.434343434343432
2020-06-04,929,25,5993.0,178448.0,97.0,5501.0,807.0,20197,608,13596.0,785.0,196.57142857142858,14.285714285714286,4766.714285714285,16.887838574804583
2020-06-05,840,24,6088.0,183862.0,95.0,5414.0,721.0,21037,632,14317.0,802.5714285714286,185.71428571428572,16.0,4768.0,15.515330624307353
2020-06-06,983,16,6180.0,189278.0,92.0,5416.0,875.0,22020,648,15192.0,829.4285714285714,159.71428571428572,17.142857142857142,4838.714285714285,18.14992614475628
2020-06-07,774,16,6909.0,193923.0,729.0,4645.0,29.0,22794,664,15221.0,849.0,224.71428571428572,17.857142857142858,4836.142857142857,16.66307857911733
2020-06-08,827,29,7305.0,198520.0,396.0,4597.0,402.0,23621,693,15623.0,886.5714285714286,254.85714285714286,19.571428571428573,4919.428571428572,17.989993474004788
2020-06-09,1141,24,7568.0,203051.0,263.0,4531.0,854.0,24762,717,16477.0,920.4285714285714,265.57142857142856,21.142857142857142,5036.0,25.18207901125579
2020-06-10,1226,18,7991.0,208519.0,423.0,5468.0,785.0,25988,735,17262.0,960.0,299.2857142857143,21.714285714285715,5081.714285714285,22.421360643745427
2020-06-11,1386,30,8332.0,214807.0,341.0,6288.0,1015.0,27374,765,18277.0,1025.2857142857142,334.14285714285717,22.428571428571427,5194.142857142857,22.041984732824428
2020-06-12,1391,20,8743.0,221305.0,411.0,6498.0,960.0,28765,785,19237.0,1104.0,379.2857142857143,21.857142857142858,5349.0,21.406586642043706
2020-06-13,1530,30,9083.0,228324.0,340.0,7019.0,1160.0,30295,815,20397.0,1182.142857142857,414.7142857142857,23.857142857142858,5578.0,21.797976919789143
2020-06-14,1282,18,9564.0,234370.0,481.0,6046.0,783.0,31577,833,21180.0,1254.7142857142858,379.2857142857143,24.142857142857142,5778.142857142857,21.204101885544162
2020-06-15,1208,21,9891.0,239941.0,327.0,5571.0,860.0,32785,854,22040.0,1309.142857142857,369.42857142857144,23.0,5917.285714285715,21.683719260455934
2020-06-16,1374,24,10174.0,245059.0,283.0,5118.0,1067.0,34159,878,23107.0,1342.4285714285713,372.2857142857143,23.0,6001.142857142857,26.846424384525204
2020-06-17,1393,35,10512.0,250615.0,338.0,5556.0,1020.0,35552,913,24127.0,1366.2857142857142,360.14285714285717,25.428571428571427,6013.714285714285,25.071994240460764
2020-06-18,1958,35,10721.0,257092.0,209.0,6477.0,1714.0,37510,948,25841.0,1448.0,341.2857142857143,26.142857142857142,6040.714285714285,30.23004477381504
2020-06-19,2060,30,11851.0,264604.0,1130.0,7512.0,900.0,39570,978,26741.0,1543.5714285714287,444.0,27.571428571428573,6185.571428571428,27.422790202342917
2020-06-20,1634,14,12206.0,273229.0,355.0,8625.0,1265.0,41204,992,28006.0,1558.4285714285713,446.14285714285717,25.285714285714285,6415.0,18.944927536231884
2020-06-21,1581,19,12728.0,279672.0,522.0,6443.0,1040.0,42785,1011,29046.0,1601.142857142857,452.0,25.428571428571427,6471.714285714285,24.538258575197887
2020-06-22,2146,32,13153.0,285391.0,425.0,5719.0,1689.0,44931,1043,30735.0,1735.142857142857,466.0,27.0,6492.857142857143,37.52404266480154
2020-06-23,2285,35,13576.0,292511.0,423.0,7120.0,1827.0,47216,1078,32562.0,1865.2857142857142,486.0,28.571428571428573,6778.857142857143,32.092696629213485
2020-06-24,2635,37,13816.0,300345.0,240.0,7834.0,2358.0,49851,1115,34920.0,2042.7142857142858,472.0,28.857142857142858,7104.285714285715,33.63543528210365
2020-06-25,2606,34,14788.0,309601.0,972.0,9256.0,1600.0,52457,1149,36520.0,2135.285714285714,581.0,28.714285714285715,7501.285714285715,28.154710458081244
2020-06-26,2886,34,18416.0,318721.0,3628.0,9120.0,-776.0,55343,1183,35744.0,2253.285714285714,937.8571428571429,29.285714285714285,7731.0,31.644736842105264
2020-06-27,2401,23,19143.0,329036.0,727.0,10315.0,1651.0,57744,1206,37395.0,2362.8571428571427,991.0,30.571428571428573,7972.428571428572,23.276781386330587
2020-06-28,2189,26,20134.0,336951.0,991.0,7915.0,1172.0,59933,1232,38567.0,2449.714285714286,1058.0,31.571428571428573,8182.714285714285,27.656348704990524
2020-06-29,2335,48,21138.0,344409.0,1004.0,7458.0,1283.0,62268,1280,39850.0,2476.714285714286,1140.7142857142858,33.857142857142854,8431.142857142857,31.308661839635292
2020-06-30,2262,27,22028.0,352402.0,890.0,7993.0,1345.0,64530,1307,41195.0,2473.4285714285716,1207.4285714285713,32.714285714285715,8555.857142857143,28.299762292005504
2020-07-01,2667,44,23040.0,362908.0,1012.0,10506.0,1611.0,67197,1351,42806.0,2478.0,1317.7142857142858,33.714285714285715,8937.57142857143,25.38549400342661
2020-07-02,2744,34,24186.0,372108.0,1146.0,9200.0,1564.0,69941,1385,44370.0,2497.714285714286,1342.5714285714287,33.714285714285715,8929.57142857143,29.826086956521742
2020-07-03,2845,52,25224.0,381431.0,1038.0,9323.0,1755.0,72786,1437,46125.0,2491.8571428571427,972.5714285714286,36.285714285714285,8958.57142857143,30.515928349243804
2020-07-04,2590,44,25930.0,390382.0,706.0,8951.0,1840.0,75376,1481,47965.0,2518.8571428571427,969.5714285714286,39.285714285714285,8763.714285714286,28.93531449000112
2020-07-05,2439,26,27597.0,399454.0,1667.0,9072.0,746.0,77815,1507,48711.0,2554.5714285714284,1066.142857142857,39.285714285714285,8929.0,26.884920634920633
2020-07-06,2632,75,28531.0,406210.0,934.0,6756.0,1623.0,80447,1582,50334.0,2597.0,1056.142857142857,43.142857142857146,8828.714285714286,38.95796329188869
2020-07-07,2979,62,30095.0,414697.0,1564.0,8487.0,1353.0,83426,1644,51687.0,2699.4285714285716,1152.4285714285713,48.142857142857146,8899.285714285714,35.100742311770944
2020-07-08,3604,51,36502.0,423782.0,6407.0,9085.0,-2854.0,87030,1695,48833.0,2833.285714285714,1923.142857142857,49.142857142857146,8696.285714285714,39.66978536048432
2020-07-09,3663,26,38313.0,434692.0,1811.0,10910.0,1826.0,90693,1721,50659.0,2964.5714285714284,2018.142857142857,48.0,8940.57142857143,33.57470210815766
2020-07-10,3367,54,38984.0,445733.0,671.0,11041.0,2642.0,94060,1775,53301.0,3039.1428571428573,1965.7142857142858,48.285714285714285,9186.0,30.495426138936693
2020-07-11,3449,36,41408.0,456042.0,2424.0,10309.0,989.0,97509,1811,54290.0,3161.8571428571427,2211.1428571428573,47.142857142857146,9380.0,33.456203317489575
2020-07-12,2657,35,42694.0,466308.0,1286.0,10266.0,1336.0,100166,1846,55626.0,3193.0,2156.714285714286,48.42857142857143,9550.57142857143,25.881550750048703
2020-07-13,3099,58,44173.0,474422.0,1479.0,8114.0,1562.0,103265,1904,57188.0,3259.714285714286,2234.5714285714284,46.0,9744.57142857143,38.19324624106483
2020-07-14,3645,65,45467.0,483799.0,1294.0,9377.0,2286.0,106910,1969,59474.0,3354.8571428571427,2196.0,46.42857142857143,9871.714285714286,38.871707369094594
2020-07-15,4250,82,47298.0,495065.0,1831.0,11266.0,2337.0,111160,2051,61811.0,3447.1428571428573,1542.2857142857142,50.857142857142854,10183.285714285714,37.72412568791053
2020-07-16,3624,62,49120.0,508228.0,1822.0,13163.0,1740.0,114784,2113,63551.0,3441.5714285714284,1543.857142857143,56.0,10505.142857142857,27.531717693534908
2020-07-17,4518,66,49780.0,519281.0,660.0,11053.0,3792.0,119302,2179,67343.0,3606.0,1542.2857142857142,57.714285714285715,10506.857142857143,40.875780331131814
2020-07-18,3223,42,52607.0,531753.0,2827.0,12472.0,354.0,122525,2221,67697.0,3573.714285714286,1599.857142857143,58.57142857142857,10815.857142857143,25.84188582424631
2020-07-19,4313,40,54105.0,541238.0,1498.0,9485.0,2775.0,126838,2261,70472.0,3810.285714285714,1630.142857142857,59.285714285714285,10704.285714285714,45.471797575118615
2020-07-20,3937,113,55913.0,552306.0,1808.0,11068.0,2016.0,130775,2374,72488.0,3930.0,1677.142857142857,67.14285714285714,11126.285714285714,35.57101554029635
2020-07-21,5344,117,58598.0,563513.0,2685.0,11207.0,2542.0,136119,2491,75030.0,4172.714285714285,1875.857142857143,74.57142857142857,11387.714285714286,47.68448291246543
2020-07-22,5782,98,60531.0,578202.0,1933.0,14689.0,3751.0,141901,2589,78781.0,4391.571428571428,1890.4285714285713,76.85714285714286,11876.714285714286,39.362788481176395
2020-07-23,6127,114,62815.0,593044.0,2284.0,14842.0,3729.0,148028,2703,82510.0,4749.142857142857,1956.4285714285713,84.28571428571429,12116.57142857143,41.28149845034362
2020-07-24,5493,105,65447.0,609262.0,2632.0,16218.0,2756.0,153521,2808,85266.0,4888.428571428572,2238.1428571428573,89.85714285714286,12854.42857142857,33.86977432482427
2020-07-25,4814,86,68022.0,623893.0,2575.0,14631.0,2153.0,158335,2894,87419.0,5115.714285714285,2202.1428571428573,96.14285714285714,13162.857142857143,32.902740755929194
2020-07-26,4191,45,70518.0,636844.0,2496.0,12951.0,1650.0,162526,2939,89069.0,5098.285714285715,2344.714285714286,96.85714285714286,13658.0,32.360435487607134
2020-07-27,4890,120,72575.0,647714.0,2057.0,10870.0,2713.0,167416,3059,91782.0,5234.428571428572,2380.285714285714,97.85714285714286,13629.714285714286,44.98620055197792
2020-07-28,5939,120,75083.0,660112.0,2508.0,12398.0,3311.0,173355,3179,95093.0,5319.428571428572,2355.0,98.28571428571429,13799.857142857143,47.90288756251008
2020-07-29,5641,109,77855.0,675011.0,2772.0,14899.0,2760.0,178996,3288,97853.0,5299.285714285715,2474.8571428571427,99.85714285714286,13829.857142857143,37.86160144976173
2020-07-30,6377,153,80596.0,690823.0,2741.0,15812.0,3483.0,185373,3441,101336.0,5335.0,2540.1428571428573,105.42857142857143,13968.42857142857,40.33012901593726
2020-07-31,5929,101,83780.0,707508.0,3184.0,16685.0,2644.0,191302,3542,103980.0,5397.285714285715,2619.0,104.85714285714286,14035.142857142857,35.53491159724304
2020-08-01,5241,53,86499.0,722950.0,2719.0,15442.0,2469.0,196543,3595,106449.0,5458.285714285715,2639.5714285714284,100.14285714285714,14151.0,33.93990415749255
2020-08-02,5376,52,89026.0,736007.0,2527.0,13057.0,2797.0,201919,3647,109246.0,5627.571428571428,2644.0,101.14285714285714,14166.142857142857,41.17331699471548
2020-08-03,4824,164,91302.0,747907.0,2276.0,11900.0,2384.0,206743,3811,111630.0,5618.142857142857,2675.285714285714,107.42857142857143,14313.285714285714,40.53781512605042
2020-08-04,6792,168,94129.0,760746.0,2827.0,12839.0,3797.0,213535,3979,115427.0,5740.0,2720.8571428571427,114.28571428571429,14376.285714285714,52.90131630189268
2020-08-05,7147,127,96948.0,777278.0,2819.0,16532.0,4201.0,220682,4106,119628.0,5955.142857142857,2727.5714285714284,116.85714285714286,14609.57142857143,43.231308976530364
2020-08-06,7513,145,99852.0,794544.0,2904.0,17266.0,4464.0,228195,4251,124092.0,6117.428571428572,2750.8571428571427,115.71428571428571,14817.285714285714,43.51326306034982
2020-08-07,7482,160,103297.0,812564.0,3445.0,18020.0,3877.0,235677,4411,127969.0,6339.285714285715,2788.1428571428573,124.14285714285714,15008.0,41.52053274139845
2020-08-08,6134,112,108242.0,830057.0,4945.0,17493.0,1077.0,241811,4523,129046.0,6466.857142857143,3106.1428571428573,132.57142857142858,15301.0,35.0654547533299
2020-08-09,4688,82,170109.0,845220.0,61867.0,15163.0,-57261.0,246499,4605,71785.0,6368.571428571428,11583.285714285714,136.85714285714286,15601.857142857143,30.917364637604695
2020-08-10,7369,158,174954.0,856055.0,4845.0,10835.0,2366.0,253868,4763,74151.0,6732.142857142857,11950.285714285714,136.0,15449.714285714286,68.01107521919705
2020-08-11,7043,241,181389.0,872643.0,6435.0,16588.0,367.0,260911,5004,74518.0,6768.0,12465.714285714286,146.42857142857142,15985.285714285714,42.45840366530022
2020-08-12,7663,209,187283.0,891817.0,5894.0,19174.0,1560.0,268574,5213,76078.0,6841.714285714285,12905.0,158.14285714285714,16362.714285714286,39.9655783873996
2020-08-13,7498,149,192434.0,911596.0,5151.0,19779.0,2198.0,276072,5362,78276.0,6839.571428571428,13226.0,158.71428571428572,16721.714285714286,37.908893270640576
2020-08-14,6365,165,199005.0,930097.0,6571.0,18501.0,-371.0,282437,5527,77905.0,6680.0,13672.57142857143,159.42857142857142,16790.428571428572,34.403545754283556
2020-08-15,6663,110,205697.0,949170.0,6692.0,19073.0,-139.0,289100,5637,77766.0,6755.571428571428,13922.142857142857,159.14285714285714,17016.14285714286,34.934200178262465
2020-08-16,5469,66,211702.0,966926.0,6005.0,17756.0,-602.0,294569,5703,77164.0,6867.142857142857,5941.857142857143,156.85714285714286,17386.571428571428,30.800856048659607
2020-08-17,4557,111,217850.0,981459.0,6148.0,14533.0,-1702.0,299126,5814,75462.0,6465.428571428572,6128.0,150.14285714285714,17914.85714285714,31.35622376660015
2020-08-18,6840,233,223531.0,994942.0,5681.0,13483.0,926.0,305966,6047,76388.0,6436.428571428572,6020.285714285715,149.0,17471.285714285714,50.7305495809538
2020-08-19,6693,283,228725.0,1012979.0,5194.0,18037.0,1216.0,312659,6330,77604.0,6297.857142857143,5920.285714285715,159.57142857142858,17308.85714285714,37.10705771469757
2020-08-20,8225,186,233651.0,1030992.0,4926.0,18013.0,3113.0,320884,6516,80717.0,6401.714285714285,5888.142857142857,164.85714285714286,17056.571428571428,45.661466718481094
2020-08-21,8159,215,239806.0,1052687.0,6155.0,21695.0,1789.0,329043,6731,82506.0,6658.0,5828.714285714285,172.0,17512.85714285714,37.6077437197511
2020-08-22,7759,118,245781.0,1073719.0,5975.0,21032.0,1666.0,336802,6849,84172.0,6814.571428571428,5726.285714285715,173.14285714285714,17792.714285714286,36.89140357550399
2020-08-23,5352,135,251400.0,1092556.0,5619.0,18837.0,-402.0,342154,6984,83770.0,6797.857142857143,5671.142857142857,183.0,17947.14285714286,28.412167542602322
2020-08-24,8713,381,256789.0,1105878.0,5389.0,13322.0,2943.0,350867,7365,86713.0,7391.571428571428,5562.714285714285,221.57142857142858,17774.14285714286,65.40309262873443
2020-08-25,8771,198,263202.0,1127098.0,6413.0,21220.0,2160.0,359638,7563,88873.0,7667.428571428572,5667.285714285715,216.57142857142858,18879.428571428572,41.33364750235627
2020-08-26,10550,276,268801.0,1148574.0,5599.0,21476.0,4675.0,370188,7839,93548.0,8218.42857142857,5725.142857142857,215.57142857142858,19370.714285714286,49.12460420934997
2020-08-27,10104,210,274458.0,1172811.0,5657.0,24237.0,4237.0,380292,8049,97785.0,8486.857142857143,5829.571428571428,219.0,20259.85714285714,41.68832776333705
2020-08-28,11717,222,280165.0,1196878.0,5707.0,24067.0,5788.0,392009,8271,103573.0,8995.142857142857,5765.571428571428,220.0,20598.714285714286,48.68492126147837
2020-08-29,9230,82,287220.0,1222359.0,7055.0,25481.0,2093.0,401239,8353,105666.0,9205.285714285714,5919.857142857143,214.85714285714286,21234.285714285714,36.223068168439234
2020-08-30,7187,104,294007.0,1242269.0,6787.0,19910.0,296.0,408426,8457,105962.0,9467.42857142857,6086.714285714285,210.42857142857142,21387.571428571428,36.09743847312908
2020-08-31,9309,203,301195.0,1257906.0,7188.0,15637.0,1918.0,417735,8660,107880.0,9552.57142857143,6343.714285714285,185.0,21718.285714285714,59.531879516531305
2020-09-01,10504,259,308376.0,1277751.0,7181.0,19845.0,3064.0,428239,8919,110944.0,9800.142857142857,6453.428571428572,193.71428571428572,21521.85714285714,52.93020912068531
2020-09-02,10933,197,315530.0,1300866.0,7154.0,23115.0,3582.0,439172,9116,114526.0,9854.857142857143,6675.571428571428,182.42857142857142,21756.0,47.298291152931
2020-09-03,12026,245,322461.0,1324687.0,6931.0,23821.0,4850.0,451198,9361,119376.0,10129.42857142857,6857.571428571428,187.42857142857142,21696.571428571428,50.48486629444607
2020-09-04,10684,262,331621.0,1350038.0,9160.0,25351.0,1262.0,461882,9623,120638.0,9981.857142857143,7350.857142857143,193.14285714285714,21880.0,42.14429411068597
2020-09-05,9924,116,340381.0,1374524.0,8760.0,24486.0,1048.0,471806,9739,121686.0,10081.0,7594.428571428572,198.0,21737.85714285714,40.529282038716005
2020-09-06,6986,119,349132.0,1396887.0,8751.0,22363.0,-1884.0,478792,9858,119802.0,10052.285714285714,7875.0,200.14285714285714,22088.285714285714,31.239100299602026
2020-09-07,9215,269,357388.0,1412149.0,8256.0,15262.0,690.0,488007,10127,120492.0,10038.857142857143,8027.571428571428,209.57142857142858,22034.714285714286,60.37871838553269
2020-09-08,12027,277,366590.0,1432624.0,9202.0,20475.0,2548.0,500034,10404,123040.0,10256.42857142857,8316.285714285714,212.14285714285714,22124.714285714286,58.73992673992674
2020-09-09,12259,253,382490.0,1458619.0,15900.0,25995.0,-3894.0,512293,10657,119146.0,10445.857142857143,9565.714285714286,220.14285714285714,22536.14285714286,47.15906905174072
2020-09-10,11905,250,390098.0,1485790.0,7608.0,27171.0,4047.0,524198,10907,123193.0,10428.57142857143,9662.42857142857,220.85714285714286,23014.714285714286,43.815096978396085
2020-09-11,11507,241,400121.0,1513847.0,10023.0,28057.0,1243.0,535705,11148,124436.0,10546.142857142857,9785.714285714286,217.85714285714286,23401.285714285714,41.01293794774922
2020-09-12,10776,115,409771.0,1540101.0,9650.0,26254.0,1011.0,546481,11263,125447.0,10667.857142857143,9912.857142857143,217.71428571428572,23653.85714285714,41.045174068713344
2020-09-13,9056,89,419513.0,1563241.0,9742.0,23140.0,-775.0,555537,11352,124672.0,10963.57142857143,10054.42857142857,213.42857142857142,23764.85714285714,39.13569576490925
2020-09-14,9909,315,428953.0,1581196.0,9440.0,17955.0,154.0,565446,11667,124826.0,11062.714285714286,10223.57142857143,220.0,24149.571428571428,55.18796992481203
2020-09-15,11892,185,438883.0,1602403.0,9930.0,21207.0,1777.0,577338,11852,126603.0,11043.42857142857,10327.57142857143,206.85714285714286,24254.14285714286,56.07582402037063
2020-09-16,11674,263,448266.0,1628194.0,9383.0,25791.0,2028.0,589012,12115,128631.0,10959.857142857143,9396.57142857143,208.28571428571428,24225.0,45.26385173122407
2020-09-17,12701,344,456347.0,1653616.0,8081.0,25422.0,4276.0,601713,12459,132907.0,11073.57142857143,9464.142857142857,221.71428571428572,23975.14285714286,49.96066399181811
2020-09-18,11945,196,467286.0,1682249.0,10939.0,28633.0,810.0,613658,12655,133717.0,11136.142857142857,9595.0,215.28571428571428,24057.428571428572,41.717598575070724
2020-09-19,9276,138,478077.0,1707947.0,10791.0,25698.0,-1653.0,622934,12793,132064.0,10921.857142857143,9758.0,218.57142857142858,23978.0,36.09619425636236
2020-09-20,8431,260,488231.0,1729040.0,10154.0,21093.0,-1983.0,631365,13053,130081.0,10832.57142857143,9816.857142857143,243.0,23685.571428571428,39.97060636230029
2020-09-21,8782,429,498379.0,1765069.0,10148.0,36029.0,-1795.0,640147,13482,128286.0,10671.57142857143,9918.0,259.2857142857143,26267.571428571428,24.374809181492687
2020-09-22,12027,470,508563.0,1790835.0,10184.0,25766.0,1373.0,652174,13952,129659.0,10690.857142857143,9954.285714285714,300.0,26918.85714285714,46.67779243964915
2020-09-23,12625,424,517228.0,1815738.0,8665.0,24903.0,3536.0,664799,14376,133195.0,10826.714285714286,9851.714285714286,323.0,26792.0,50.69670320844878
2020-09-24,13467,389,525486.0,1842991.0,8258.0,27253.0,4820.0,678266,14765,138015.0,10936.142857142857,9877.0,329.42857142857144,27053.571428571428,49.41474333100943
2020-09-25,12969,441,536589.0,1868089.0,11103.0,25098.0,1425.0,691235,15206,139440.0,11082.42857142857,9900.42857142857,364.42857142857144,26548.571428571428,51.67344011475018
2020-09-26,11249,337,546924.0,1890190.0,10335.0,22101.0,577.0,702484,15543,140017.0,11364.285714285714,9835.285714285714,392.85714285714283,26034.714285714286,50.898149405004304
2020-09-27,8841,206,556489.0,1905361.0,9565.0,15171.0,-930.0,711325,15749,139087.0,11422.857142857143,9751.142857142857,385.14285714285717,25188.714285714286,58.27565750444927
2020-09-28,11807,364,565935.0,1926717.0,9446.0,21356.0,1997.0,723132,16113,141084.0,11855.0,9650.857142857143,375.85714285714283,23092.571428571428,55.28657051882375
2020-09-29,13477,406,576715.0,1951789.0,10780.0,25072.0,2291.0,736609,16519,143375.0,12062.142857142857,9736.0,366.7142857142857,22993.428571428572,53.75319081046585
2020-09-30,14392,418,585857.0,1978313.0,9142.0,26524.0,4832.0,751001,16937,148207.0,12314.57142857143,9804.142857142857,365.85714285714283,23225.0,54.26029256522394
2020-10-01,14001,3351,594645.0,2002975.0,8788.0,24662.0,1862.0,765002,20288,150069.0,12390.857142857143,9879.857142857143,789.0,22854.85714285714,56.771551374584384
2020-10-02,14687,311,603140.0,2030512.0,8495.0,27537.0,5881.0,779689,20599,155950.0,12636.285714285714,9507.285714285714,770.4285714285714,23203.285714285714,53.335512219922286
2020-10-03,11129,197,614515.0,2051037.0,11375.0,20525.0,-443.0,790818,20796,155507.0,12619.142857142857,9655.857142857143,750.4285714285714,22978.14285714286,54.22168087697929
2020-10-04,7668,221,626114.0,2064250.0,11599.0,13213.0,-4152.0,798486,21017,151355.0,12451.57142857143,9946.42857142857,752.5714285714286,22698.428571428572,58.03375463558616
2020-10-05,11242,451,636672.0,2084513.0,10558.0,20263.0,233.0,809728,21468,151588.0,12370.857142857143,10105.285714285714,765.0,22542.285714285714,55.480432315057
2020-10-06,14740,357,649017.0,2110994.0,12345.0,26481.0,2038.0,824468,21825,153626.0,12551.285714285714,10328.857142857143,758.0,22743.571428571428,55.662550507911334
2020-10-07,16447,400,660272.0,2140435.0,11255.0,29441.0,4792.0,840915,22225,158418.0,12844.857142857143,10630.714285714286,755.4285714285714,23160.285714285714,55.86427091471078
2020-10-08,15454,485,670725.0,2166276.0,10453.0,25841.0,4516.0,856369,22710,162934.0,13052.42857142857,10868.57142857143,346.0,23328.714285714286,59.80418714446035
2020-10-09,15009,514,684844.0,2191450.0,14119.0,25174.0,376.0,871378,23224,163310.0,13098.42857142857,11672.0,375.0,22991.14285714286,59.621037578453965
2020-10-10,12414,357,697141.0,2211321.0,12297.0,19871.0,-240.0,883792,23581,163070.0,13282.0,11803.714285714286,397.85714285714283,22897.714285714286,62.472950530924464
2020-10-11,10324,287,709474.0,2225558.0,12333.0,14237.0,-2296.0,894116,23868,160774.0,13661.42857142857,11908.57142857143,407.2857142857143,23044.0,72.51527709489358
2020-10-12,9614,318,721380.0,2239514.0,11906.0,13956.0,-2610.0,903730,24186,158164.0,13428.857142857143,12101.142857142857,388.2857142857143,22143.0,68.88793350530239
2020-10-13,13305,385,732582.0,2260058.0,11202.0,20544.0,1718.0,917035,24571,159882.0,13223.857142857143,11937.857142857143,392.2857142857143,21294.85714285714,64.76343457943925
2020-10-14,14932,350,742235.0,2283577.0,9653.0,23519.0,4929.0,931967,24921,164811.0,13007.42857142857,11709.0,385.14285714285717,20448.85714285714,63.4890939240614
2020-10-15,17096,421,751146.0,2311239.0,8911.0,27662.0,7764.0,949063,25342,172575.0,13242.0,11488.714285714286,376.0,20709.0,61.80319571975996
2020-10-16,16546,381,764859.0,2338651.0,13713.0,27412.0,2452.0,965609,25723,175027.0,13461.57142857143,11430.714285714286,357.0,21028.714285714286,60.36042609076316
2020-10-17,13510,383,778501.0,2359606.0,13642.0,20955.0,-515.0,979119,26106,174512.0,13618.142857142857,11622.857142857143,360.7142857142857,21183.571428571428,64.47148651873061
2020-10-18,10561,160,791164.0,2373496.0,12663.0,13890.0,-2262.0,989680,26266,172250.0,13652.0,11670.0,342.57142857142856,21134.0,76.03311735061196
2020-10-19,12982,450,803965.0,2626406.0,12801.0,252910.0,-269.0,1002662,26716,171981.0,14133.142857142857,11797.857142857143,361.42857142857144,55270.28571428572,5.1330512830651225
2020-10-20,16337,380,816243.0,2663880.0,12278.0,37474.0,3679.0,1018999,27096,175660.0,14566.285714285714,11951.57142857143,360.7142857142857,57688.857142857145,43.595559587981
2020-10-21,18326,423,829869.0,2702220.0,13626.0,38340.0,4277.0,1037325,27519,179937.0,15051.142857142857,12519.142857142857,371.14285714285717,59806.142857142855,47.798643714136674
2020-10-22,16325,437,840520.0,2741416.0,10651.0,39196.0,5237.0,1053650,27956,185174.0,14941.0,12767.714285714286,373.42857142857144,61453.857142857145,41.649658128380445
2020-10-23,15718,381,851854.0,2777087.0,11334.0,35671.0,4003.0,1069368,28337,189177.0,14822.714285714286,12427.857142857143,373.42857142857144,62633.71428571428,44.06380533206246
2020-10-24,11968,274,866695.0,2804114.0,14841.0,27027.0,-3147.0,1081336,28611,186030.0,14602.42857142857,12599.142857142857,357.85714285714283,63501.142857142855,44.28164428164428
2020-10-25,9253,283,881113.0,2823654.0,14418.0,19540.0,-5448.0,1090589,28894,180582.0,14415.57142857143,12849.857142857143,375.42857142857144,64308.28571428572,47.35414534288639
2020-10-26,11712,405,894819.0,2850102.0,13706.0,26448.0,-2399.0,1102301,29299,178183.0,14234.142857142857,12979.142857142857,369.0,31956.571428571428,44.283121597096184
2020-10-27,14308,427,909586.0,2882949.0,14767.0,32847.0,-886.0,1116609,29726,177297.0,13944.285714285714,13334.714285714286,375.7142857142857,31295.571428571428,43.55953359515329
2020-10-28,13924,344,921344.0,2915776.0,11758.0,32827.0,1822.0,1130533,30070,179119.0,13315.42857142857,13067.857142857143,364.42857142857144,30508.0,42.41630365248119
2020-10-29,13267,372,931147.0,2947344.0,9803.0,31568.0,3092.0,1143800,30442,182211.0,12878.57142857143,12946.714285714286,355.14285714285717,29418.285714285714,42.02673593512418
2020-10-30,13379,349,946134.0,2980105.0,14987.0,32761.0,-1957.0,1157179,30791,180254.0,12544.42857142857,13468.57142857143,350.57142857142856,29002.571428571428,40.83819175238851
2020-10-31,9745,211,961101.0,3006804.0,14967.0,26699.0,-5433.0,1166924,31002,174821.0,12226.857142857143,13486.57142857143,341.57142857142856,28955.714285714286,36.499494363084764
2020-11-01,6609,138,973939.0,3022449.0,12838.0,15645.0,-6367.0,1173533,31140,168454.0,11849.142857142857,13260.857142857143,320.85714285714283,28399.285714285714,42.243528283796735
2020-11-02,9598,482,985316.0,3047313.0,11377.0,24864.0,-2261.0,1183131,31622,166193.0,11547.142857142857,12928.142857142857,331.85714285714283,28173.0,38.60199485199485
2020-11-03,12145,429,998016.0,3078312.0,12700.0,30999.0,-984.0,1195276,32051,165209.0,11238.142857142857,12632.857142857143,332.14285714285717,27909.0,39.178683183328495
2020-11-04,10652,467,1009278.0,3114747.0,11262.0,36435.0,-1077.0,1205928,32518,164132.0,10770.714285714286,12562.0,349.7142857142857,28424.428571428572,29.23562508576918
2020-11-05,11100,247,1030137.0,3142837.0,20859.0,28090.0,-10006.0,1217028,32765,154126.0,10461.142857142857,14141.42857142857,331.85714285714283,27927.571428571428,39.51584193663225
2020-11-06,11786,370,1042237.0,3177564.0,12100.0,34727.0,-684.0,1228814,33135,153442.0,10233.57142857143,13729.0,334.85714285714283,28208.428571428572,33.939009992225074
2020-11-07,8037,213,1053313.0,3214626.0,11076.0,37062.0,-3252.0,1236851,33348,150190.0,9989.57142857143,13173.142857142857,335.14285714285717,29688.85714285714,21.68528411850413
2020-11-08,5331,210,1062911.0,3228651.0,9598.0,14025.0,-4477.0,1242182,33558,145713.0,9807.0,12710.285714285714,345.42857142857144,29457.428571428572,38.01069518716578
2020-11-09,8317,346,1073577.0,3258221.0,10666.0,29570.0,-2695.0,1250499,33904,143018.0,9624.0,12608.714285714286,326.0,30129.714285714286,28.1264795400744
2020-11-10,11977,279,1081897.0,3289756.0,8320.0,31535.0,3378.0,1262476,34183,146396.0,9600.0,11983.0,304.57142857142856,30206.285714285714,37.98002219755826
2020-11-11,10880,348,1091038.0,3346229.0,9141.0,56473.0,1391.0,1273356,34531,147787.0,9632.57142857143,11680.0,287.57142857142856,33068.857142857145,19.265843854585377
2020-11-12,11163,250,1100180.0,3377749.0,9142.0,31520.0,1771.0,1284519,34781,149558.0,9641.57142857143,10006.142857142857,288.0,33558.857142857145,35.41560913705584
2020-11-13,11859,264,1110477.0,3409487.0,10297.0,31738.0,1298.0,1296378,35045,150856.0,9652.0,9748.57142857143,272.85714285714283,33131.857142857145,37.3653034217657
2020-11-14,8468,262,1119366.0,3434801.0,8889.0,25314.0,-683.0,1304846,35307,150173.0,9713.57142857143,9436.142857142857,279.85714285714283,31453.571428571428,33.45184482894841
2020-11-15,5645,128,1129102.0,3452519.0,9736.0,17718.0,-4219.0,1310491,35435,145954.0,9758.42857142857,9455.857142857143,268.14285714285717,31981.14285714286,31.86025510779998
2020-11-16,7893,292,1140196.0,3474091.0,11094.0,21572.0,-3493.0,1318384,35727,142461.0,9697.857142857143,9517.0,260.42857142857144,30838.571428571428,36.58909697756351
2020-11-17,10621,379,1148833.0,3508664.0,8637.0,34573.0,1605.0,1329005,36106,144066.0,9504.142857142857,9562.285714285714,274.7142857142857,31272.571428571428,30.72050443988083
2020-11-18,10332,241,1156474.0,3536386.0,7641.0,27722.0,2450.0,1339337,36347,146516.0,9425.857142857143,9348.0,259.42857142857144,27165.285714285714,37.27003823677945
2020-11-19,10097,183,1167514.0,3585077.0,11040.0,48691.0,-1126.0,1349434,36530,145390.0,9273.57142857143,9619.142857142857,249.85714285714286,29618.285714285714,20.736891828058575
2020-11-20,9608,260,1177819.0,3622893.0,10305.0,37816.0,-957.0,1359042,36790,144433.0,8952.0,9620.285714285714,249.28571428571428,30486.571428571428,25.407235032790354
2020-11-21,7140,112,1187053.0,3661948.0,9234.0,39055.0,-2206.0,1366182,36902,142227.0,8762.285714285714,9669.57142857143,227.85714285714286,32449.571428571428,18.281910126744336
2020-11-22,4184,100,1195492.0,3677688.0,8439.0,15740.0,-4355.0,1370366,37002,137872.0,8553.57142857143,9484.285714285714,223.85714285714286,32167.0,26.581956797966967
2020-11-23,4625,119,1203800.0,3690837.0,8308.0,13149.0,-3802.0,1374991,37121,134070.0,8086.714285714285,9086.285714285714,199.14285714285714,30963.714285714286,35.17377747357213
2020-11-24,7164,310,1210634.0,3712880.0,6834.0,22043.0,20.0,1382155,37431,134090.0,7592.857142857143,8828.714285714286,189.28571428571428,29173.714285714286,32.500113414689466
2020-11-25,8593,281,1217284.0,3742317.0,6650.0,29437.0,1662.0,1390748,37712,135752.0,7344.428571428572,8687.142857142857,195.0,29418.714285714286,29.191153989876682
2020-11-26,9043,229,1226662.0,3775098.0,9378.0,32781.0,-564.0,1399791,37941,135188.0,7193.857142857143,8449.714285714286,201.57142857142858,27145.85714285714,27.586101705256095
2020-11-27,7846,275,1235257.0,3830421.0,8595.0,55323.0,-1024.0,1407637,38216,134164.0,6942.142857142857,8205.42857142857,203.71428571428572,29646.85714285714,14.182166549174847
2020-11-28,6098,106,1242877.0,3855893.0,7620.0,25472.0,-1628.0,1413735,38322,132536.0,6793.285714285715,7974.857142857143,202.85714285714286,27706.428571428572,23.94001256281407
2020-11-29,5432,151,1249843.0,3873231.0,6966.0,17338.0,-1685.0,1419167,38473,130851.0,6971.571428571428,7764.428571428572,210.14285714285714,27934.714285714286,31.330026531318488
2020-11-30,5366,257,1257227.0,3892522.0,7384.0,19291.0,-2275.0,1424533,38730,128576.0,7077.428571428572,7632.428571428572,229.85714285714286,28812.14285714286,27.816080037323104
2020-12-01,8037,198,1263251.0,3926286.0,6024.0,33764.0,1815.0,1432570,38928,130391.0,7202.142857142857,7516.714285714285,213.85714285714286,30486.571428571428,23.803459305769458
2020-12-02,7533,228,1268358.0,3975760.0,5107.0,49474.0,2198.0,1440103,39156,132589.0,7050.714285714285,7296.285714285715,206.28571428571428,33349.0,15.226179407365484
2020-12-03,7629,149,1274675.0,4022872.0,6317.0,47112.0,1163.0,1447732,39305,133752.0,6848.714285714285,6859.0,194.85714285714286,35396.28571428572,16.19332654100866
2020-12-04,6899,206,1281955.0,4055795.0,7280.0,32923.0,-587.0,1454631,39511,133165.0,6713.428571428572,6671.142857142857,185.0,32196.285714285714,20.95495550223248
2020-12-05,5201,121,1288785.0,4084362.0,6830.0,28567.0,-1750.0,1459832,39632,131415.0,6585.285714285715,6558.285714285715,187.14285714285714,32638.428571428572,18.206321979906885
2020-12-06,3278,138,1294692.0,4101188.0,5907.0,16826.0,-2767.0,1463110,39770,128648.0,6277.571428571428,6407.0,185.28571428571428,32565.285714285714,19.48175442767146
2020-12-07,3119,118,1300696.0,4111139.0,6004.0,9951.0,-3003.0,1466229,39888,125645.0,5956.571428571428,6209.857142857143,165.42857142857142,31231.0,31.343583559441264
2020-12-08,3610,121,1305587.0,4124441.0,4891.0,13302.0,-1402.0,1469839,40009,124243.0,5324.142857142857,6048.0,154.42857142857142,28307.85714285714,27.138776123891144
2020-12-09,5383,213,1311488.0,4145226.0,5901.0,20785.0,-731.0,1475222,40222,123512.0,5017.0,6161.428571428572,152.28571428571428,24209.428571428572,25.898484484002886
2020-12-10,6994,211,1318187.0,4173392.0,6699.0,28166.0,84.0,1482216,40433,123596.0,4926.285714285715,6216.0,161.14285714285714,21502.85714285714,24.831356955194206
2020-12-11,7112,175,1324792.0,4210197.0,6605.0,36805.0,332.0,1489328,40608,123928.0,4956.714285714285,6119.571428571428,156.71428571428572,22057.428571428572,19.323461486211112
2020-12-12,5274,62,1330160.0,4237401.0,5368.0,27204.0,-156.0,1494602,40670,123772.0,4967.142857142857,5910.714285714285,148.28571428571428,21862.714285714286,19.386854874283195
2020-12-13,3558,96,1335317.0,4259194.0,5157.0,21793.0,-1695.0,1498160,40766,122077.0,5007.142857142857,5803.571428571428,142.28571428571428,22572.285714285714,16.326343321249944
2020-12-14,5062,273,1340120.0,4302194.0,4803.0,43000.0,-14.0,1503222,41039,122063.0,5284.714285714285,5632.0,164.42857142857142,27293.571428571428,11.772093023255813
2020-12-15,6981,164,1344300.0,4338785.0,4180.0,36591.0,2637.0,1510203,41203,124700.0,5766.285714285715,5530.428571428572,170.57142857142858,30620.571428571428,19.078461916864804
2020-12-16,6843,162,1347914.0,4373384.0,3614.0,34599.0,3067.0,1517046,41365,127767.0,5974.857142857143,5203.714285714285,163.28571428571428,32594.0,19.77802826671291
2020-12-17,7326,169,1352556.0,4405320.0,4642.0,31936.0,2515.0,1524372,41534,130282.0,6022.285714285715,4909.857142857143,157.28571428571428,33132.57142857143,22.939629258517034
2020-12-18,7002,138,1356755.0,4437322.0,4199.0,32002.0,2665.0,1531374,41672,132947.0,6006.571428571428,4566.142857142857,152.0,32446.428571428572,21.87988250734329
2020-12-19,5795,91,1362617.0,4464725.0,5862.0,27403.0,-158.0,1537169,41763,132789.0,6081.0,4636.714285714285,156.14285714285714,32474.85714285714,21.147319636536146
2020-12-20,4116,50,1368346.0,4496873.0,5729.0,32148.0,-1663.0,1541285,41813,131126.0,6160.714285714285,4718.428571428572,149.57142857142858,33954.142857142855,12.80328480776409
2020-12-21,5853,184,1374401.0,4520949.0,6055.0,24076.0,-386.0,1547138,41997,130740.0,6273.714285714285,4897.285714285715,136.85714285714286,31250.714285714286,24.31051669712577
2020-12-22,8141,257,1379726.0,4558637.0,5325.0,37688.0,2559.0,1555279,42254,133299.0,6439.428571428572,5060.857142857143,150.14285714285714,31407.428571428572,21.601040118870728
2020-12-23,8586,60,1384277.0,4597960.0,4551.0,39323.0,3975.0,1563865,42314,137274.0,6688.428571428572,5194.714285714285,135.57142857142858,32082.285714285714,21.834549754596548
2020-12-24,5344,54,1389277.0,4622415.0,5000.0,24455.0,290.0,1569209,42368,137564.0,6405.285714285715,5245.857142857143,119.14285714285714,31013.571428571428,21.852381925986506
2020-12-25,5345,54,1393777.0,4646871.0,4500.0,24456.0,791.0,1574554,42422,138355.0,6168.571428571428,5288.857142857143,107.14285714285714,29935.571428571428,21.855577363428196
2020-12-26,3713,79,1402227.0,4661855.0,8450.0,14984.0,-4816.0,1578267,42501,133539.0,5871.142857142857,5658.571428571428,105.42857142857143,28161.428571428572,24.77976508275494
2020-12-27,5030,149,1407926.0,4683310.0,5699.0,21455.0,-818.0,1583297,42650,132721.0,6001.714285714285,5654.285714285715,119.57142857142857,26633.85714285714,23.44441855045444
2020-12-28,7216,217,1414680.0,4712288.0,6754.0,28978.0,245.0,1590513,42867,132966.0,6196.428571428572,5754.142857142857,124.28571428571429,27334.14285714286,24.90164952722755
2020-12-29,11650,151,1420885.0,4757372.0,6205.0,45084.0,5294.0,1602163,43018,138260.0,6697.714285714285,5879.857142857143,109.14285714285714,28390.714285714286,25.84065300328276
2020-12-30,11765,145,1426676.0,4811498.0,5791.0,54126.0,5829.0,1613928,43163,144089.0,7151.857142857143,6057.0,121.28571428571429,30505.428571428572,21.736318959464953
2020-12-31,11586,130,1436676.0,4845697.0,10000.0,34199.0,1456.0,1625514,43293,145545.0,8043.571428571428,6771.285714285715,132.14285714285714,31897.428571428572,33.87818357261908
2021-01-01,4080,26,1446884.0,4879897.0,10208.0,34200.0,-6154.0,1629594,43319,139391.0,7862.857142857143,7586.714285714285,128.14285714285714,33289.42857142857,11.929824561403509
2021-01-02,5240,56,1447092.0,4897167.0,208.0,17270.0,4976.0,1634834,43375,144367.0,8081.0,6409.285714285715,124.85714285714286,33616.0,30.34163288940359
2021-01-03,5884,107,1452960.0,4919347.0,5868.0,22180.0,-91.0,1640718,43482,144276.0,8203.0,6433.428571428572,118.85714285714286,33719.57142857143,26.52840396753832
2021-01-04,8222,152,1458083.0,4951166.0,5123.0,31819.0,2947.0,1648940,43634,147223.0,8346.714285714286,6200.428571428572,109.57142857142857,34125.42857142857,25.839906973820675
2021-01-05,13790,151,1466616.0,5001234.0,8533.0,50068.0,5106.0,1662730,43785,152329.0,8652.42857142857,6533.0,109.57142857142857,34837.42857142857,27.54254214268595
2021-01-06,13441,191,1474048.0,5050350.0,7432.0,49116.0,5818.0,1676171,43976,158147.0,8891.857142857143,6767.428571428572,116.14285714285714,34121.71428571428,27.36582783614301
2021-01-07,13835,146,1484794.0,5099516.0,10746.0,49166.0,2943.0,1690006,44122,161090.0,9213.142857142857,6874.0,118.42857142857143,36259.857142857145,28.13936460155392
2021-01-08,13346,151,1494896.0,5157845.0,10102.0,58329.0,3093.0,1703352,44273,164183.0,10536.857142857143,6858.857142857143,136.28571428571428,39706.857142857145,22.880556841365358
2021-01-09,11057,144,1504330.0,5189835.0,9434.0,31990.0,1479.0,1714409,44417,165662.0,11367.857142857143,8176.857142857143,148.85714285714286,41809.71428571428,34.56392622694592
2021-01-10,7808,78,1511750.0,5228200.0,7420.0,38365.0,310.0,1722217,44495,165972.0,11642.714285714286,8398.57142857143,144.71428571428572,44121.857142857145,20.351883226899517
2021-01-11,8704,160,1518715.0,5260563.0,6965.0,32363.0,1579.0,1730921,44655,167551.0,11711.57142857143,8661.714285714286,145.85714285714286,44199.57142857143,26.894910854988723
2021-01-12,13783,194,1527861.0,5314594.0,9146.0,54031.0,4443.0,1744704,44849,171994.0,11710.57142857143,8749.285714285714,152.0,44765.71428571428,25.50942977179767
2021-01-13,12725,135,1536423.0,5365242.0,8562.0,50648.0,4028.0,1757429,44984,176022.0,11608.285714285714,8910.714285714286,144.0,44984.57142857143,25.124387932396147
2021-01-14,13286,142,1549490.0,5415971.0,13067.0,50729.0,77.0,1770715,45126,176099.0,11529.857142857143,9242.285714285714,143.42857142857142,45207.857142857145,26.190147647302332
2021-01-15,12332,103,1561963.0,5468091.0,12473.0,52120.0,-244.0,1783047,45229,175855.0,11385.0,9581.0,136.57142857142858,44320.857142857145,23.660782808902532
2021-01-16,8932,68,1573104.0,5511604.0,11141.0,43513.0,-2277.0,1791979,45297,173578.0,11081.42857142857,9824.857142857143,125.71428571428571,45967.0,20.52719876818422
2021-01-17,7264,112,1583465.0,5551195.0,10361.0,39591.0,-3209.0,1799243,45409,170369.0,11003.714285714286,10245.0,130.57142857142858,46142.142857142855,18.347604253491955
2021-01-18,8185,424,1594768.0,5592646.0,11303.0,41451.0,-3542.0,1807428,45833,166827.0,10929.57142857143,10864.714285714286,168.28571428571428,47440.42857142857,19.746206364140793
2021-01-19,12141,235,1604373.0,5642212.0,9605.0,49566.0,2301.0,1819569,46068,169128.0,10695.0,10930.285714285714,174.14285714285714,46802.57142857143,24.494613242948795
2021-01-20,12112,147,1613773.0,5697210.0,9400.0,54998.0,2565.0,1831681,46215,171693.0,10607.42857142857,11050.0,175.85714285714286,47424.0,22.022619004327428
2021-01-21,11396,142,1625755.0,5751173.0,11982.0,53963.0,-728.0,1843077,46357,170965.0,10337.42857142857,10895.0,175.85714285714286,47886.0,21.118173563367492
2021-01-22,10753,220,1636826.0,5806612.0,11071.0,55439.0,-538.0,1853830,46577,170427.0,10111.857142857143,10694.714285714286,192.57142857142858,48360.142857142855,19.396093003120544
2021-01-23,8362,162,1646668.0,5853255.0,9842.0,46643.0,-1642.0,1862192,46739,168785.0,10030.42857142857,10509.142857142857,206.0,48807.28571428572,17.92766331496688
2021-01-24,5031,89,1656149.0,5882914.0,9481.0,29659.0,-4539.0,1867223,46828,164246.0,9711.42857142857,10383.42857142857,202.71428571428572,47388.42857142857,16.962810613978892
2021-01-25,7578,208,1666527.0,5919820.0,10378.0,36906.0,-3008.0,1874801,47036,161238.0,9624.714285714286,10251.285714285714,171.85714285714286,46739.142857142855,20.533246626564786
2021-01-26,10409,219,1674555.0,5974943.0,8028.0,55123.0,2162.0,1885210,47255,163400.0,9377.285714285714,10026.0,169.57142857142858,47533.0,18.883224788200934
2021-01-27,10843,180,1682563.0,6024097.0,8008.0,49154.0,2655.0,1896053,47435,166055.0,9196.0,9827.142857142857,174.28571428571428,46698.142857142855,22.05924238108801
2021-01-28,9471,166,1693146.0,6070839.0,10583.0,46742.0,-1278.0,1905524,47601,164777.0,8921.0,9627.285714285714,177.71428571428572,45666.57142857143,20.262290873304522
2021-01-29,9838,174,1703459.0,6116648.0,10313.0,45809.0,-649.0,1915362,47775,164128.0,8790.285714285714,9519.0,171.14285714285714,44290.857142857145,21.476129144927853
2021-01-30,6902,156,1712868.0,6157226.0,9409.0,40578.0,-2663.0,1922264,47931,161465.0,8581.714285714286,9457.142857142857,170.28571428571428,43424.42857142857,17.009216816994428
2021-01-31,4975,43,1721650.0,6191638.0,8782.0,34412.0,-3850.0,1927239,47974,157615.0,8573.714285714286,9357.285714285714,163.71428571428572,44103.42857142857,14.457166104847147
2021-02-01,6614,275,1729999.0,6226585.0,8349.0,34947.0,-2010.0,1933853,48249,155605.0,8436.0,9067.42857142857,173.28571428571428,43823.57142857143,18.92580192863479
2021-02-02,9695,177,1738768.0,6292787.0,8769.0,66202.0,749.0,1943548,48426,156354.0,8334.0,9173.285714285714,167.28571428571428,45406.28571428572,14.644572671520498
2021-02-03,9196,112,1745208.0,6340947.0,6440.0,48160.0,2644.0,1952744,48538,158998.0,8098.714285714285,8949.285714285714,157.57142857142858,45264.28571428572,19.09468438538206
2021-02-04,8891,162,1754705.0,6393504.0,9497.0,52557.0,-768.0,1961635,48700,158230.0,8015.857142857143,8794.142857142857,157.0,46095.0,16.91687120649961
2021-02-05,8374,285,1763762.0,6441249.0,9057.0,47745.0,-968.0,1970009,48985,157262.0,7806.714285714285,8614.714285714286,172.85714285714286,46371.57142857143,17.53900932034768
2021-02-06,6680,125,1772059.0,6483493.0,8297.0,42244.0,-1742.0,1976689,49110,155520.0,7775.0,8455.857142857143,168.42857142857142,46609.57142857143,15.812896506012688
2021-02-07,3658,61,1778965.0,6508214.0,6906.0,24721.0,-3309.0,1980347,49171,152211.0,7586.857142857143,8187.857142857143,171.0,45225.142857142855,14.797136038186157
2021-02-08,5154,227,1786178.0,6538865.0,7213.0,30651.0,-2286.0,1985501,49398,149925.0,7378.285714285715,8025.571428571428,164.14285714285714,44611.42857142857,16.815112068121756
2021-02-09,7794,168,1792321.0,6588646.0,6143.0,49781.0,1483.0,1993295,49566,151408.0,7106.714285714285,7650.428571428572,162.85714285714286,42265.57142857143,15.656575802012815
